,operator_name,physical_street,physical_city,physical_county,physical_zip,mailing_street,mailing_city,mailing_state,mailing_zip,operator_phone,date_placed_in_operation,basin_plan_designation,assessor_parcels,permit_number,reporting_period,milk_cows_open_confinement,milk_cows_under_roof,milk_cows_max_number,milk_cows_avg_number,dry_cows_open_confinement,dry_cows_under_roof,dry_cows_max_number,dry_cows_avg_number,bred_heifers_open_confinement,bred_heifers_under_roof,bred_heifers_max_number,bred_heifers_avg_number,heifers_7_14_mo_open_confinement,heifers_7_14_mo_under_roof,heifers_7_14_mo_max_number,heifers_7_14_mo_avg_number,calves_4_6_mo_open_confinement,calves_4_6_mo_under_roof,calves_4_6_mo_max_number,calves_4_6_mo_avg_number,calves_0_3_mo_open_confinement,calves_0_3_mo_under_roof,calves_0_3_mo_max_number,calves_0_3_mo_avg_number,predominant_breed,avg_milk_production_lbs_per_cow_per_day,total_animals,total_manure_excreted_tons,total_manure_excreted_tons_per_period,nitrogen_from_manure_lbs,nitrogen_after_ammonia_losses_lbs,phosphorus_from_manure_lbs,potassium_from_manure_lbs,salt_from_manure_lbs,total_nitrogen_generated_lbs,total_phosphorus_generated_lbs,total_potassium_generated_lbs,total_salt_generated_lbs,process_wastewater_generated_gal,process_wastewater_applied_gal,fresh_water_imported_gal,fresh_water_exported_gal,total_water_balance_gal,total_land_applied_acres,application_method,application_timing,soil_type,monitoring_wells,groundwater_monitoring,surface_water_discharge,stormwater_management,spill_prevention,address,latitude,longitude
0,Machado Dairy Farms #2,19405 E Mariposa RD,Stockton,San Joaquin,95215,P.O. Box 4430,Manteca,CA,95337.0,(209) 602-3474,01/01/1970,San Joaquin River Basin,0205-0020-0002-0000,,,,,,,,,,,,,,,,,,,,,,,,,,,,,,,,,,,,,,,,,,,,,,,,,,,,,,,"19405 E Mariposa RD, Stockton, CA 95215",37.87951,-121.07751
1,Ed Nunes Dairy,17399 E Avena RD,Escalon,San Joaquin,95320,,,,,(209) 595-2017,01/01/1980,San Joaquin River Basin,X203-X190-XX06-XXXX,,,,,,,,,,,,,,,,,,,,,,,,,,,,,,,,,,,,,,,,,,,,,,,,,,,,,,,"17399 E Avena RD, Escalon, CA 95320",37.8454,-121.09484
2,Nunes,2618 E Reilly RD,Merced,Merced,95340,,,,,(209) 658-6162,01/01/1955,San Joaquin River Basin,X066-X250-X017-XXXX,,,,,,,,,,,,,,,,,,,,,,,,,,,,,,,,,,,,,,,,,,,,,,,,,,,,,,,"2618 E Reilly RD, Merced, CA 95340",37.25826,-120.44054
6,,,,,96002,,,,,,,,,,,,,,,,,,,,,,,,,,,,,,,,,,,,,,,,,,,,,,,,,,,,,,,,,,,True,,,,"nan, nan, CA 96002",40.49125,-122.28651
8,Pedretti Ranches Inc.,2331 E Roosevelt RD,El Nido,Merced,95317,,,,,(209) 722-2073,01/01/1942,San Joaquin River Basin,"X075-X300-X027-XXXX, X075-X300-X061-XXXX, X075-X300-X062-XXXX",,,,,,,,,,,,,,,,,,,,,,,,,,,,,,,,,,,,,,,,,,,,,,,,,,,,,,,"2331 E Roosevelt RD, El Nido, CA 95317",37.14074,-120.45143
12,B & J Dairy,9950 Arno RD,Galt,Sacramento,95632,,,,,(209) 745-2520,01/01/1958,Sacramento River Basin,X148-X020-X035-XXXX,,,,,,,,,,,,,,,,,,,,,,,,,,,,,,,,,,,,,,,,,,,,,,,,,,,,,,,"9950 Arno RD, Galt, CA 95632",38.32441,-121.32512
13,Joe & Teresa Soares Dairy #2,7581 N Merced AVE,Delhi,Merced,95315,P.O. Box 189,Delhi,CA,95315.0,(209) 652-2990,01/01/1980,San Joaquin River Basin,"X047-X010-X022-XXXX, X047-X010-X023-XXXX",,,,,,,,,,,,,,,,,,,,,,,,,,,,,,,,,,,,,,,,,,,,,,,,,,,,,,,"7581 N Merced AVE, Delhi, CA 95315",37.40004,-120.79874
14,John Santos,5672 S Whitworth RD,Gustine,Merced,95322,,,,,(209) 968-7832,01/01/1960,San Joaquin River Basin,"X063-X240-X006-XXXX, X063-X240-X007-XXXX",,,,,,,,,,,,,,,,,,,,,,,,,,,,,,,,,,,,,,,,,,,,,,,,,,,,,,,"5672 S Whitworth RD, Gustine, CA 95322",37.20677,-121.02803
22,"Soares Dairy Farms, Inc.",14515 S Badger Flat RD,Los Banos,Merced,93635,,,,,(209) 826-3414,12/01/1978,San Joaquin River Basin,X081-X080-X020-XXXX,,,,,,,,,,,,,,,,,,,,,,,,,,,,,,,,,,,,,,,,,,,,,,,,,,,,,,,"14515 S Badger Flat RD, Los Banos, CA 93635",37.08217,-120.88025
24,Alamo Dairy,1500 Fulkerth RD,Crows Landing,Stanislaus,95313,P.O. Box 99,Keyes,CA,95328.0,(209) 667-5735,01/01/1980,San Joaquin River Basin,"X022-X033-X007-XXXX, X022-X033-X022-XXXX, XO22-X035-X012-XXXX",,,,,,,,,,,,,,,,,,,,,,,,,,,,,,,,,,,,,,,,,,,,,,,,,,,,,,,"1500 Fulkerth RD, Crows Landing, CA 95313",37.50404,-121.01614
25,De Jager Farms South,8002 S Bliss RD,Chowchilla,Merced,93610,P.O. Box 877,Chowchilla,CA,93610.0,(209) 384-8275,12/12/1989,San Joaquin River Basin,X075-X100-X021-XXXX,,,,,,,,,,,,,,,,,,,,,,,,,,,,,,,,,,,,,,,,,,,,,,,,,,,,,,,"8002 S Bliss RD, Chowchilla, CA 93610",37.16022,-120.38292
29,Veldhuis North Dairy,12465 Lee RD,Ballico,Merced,95303,,,,,(209) 394-5117,06/01/2005,San Joaquin River Basin,"X042-X050-X038-XXXX, X042-X050-X045-XXXX",,,,,,,,,,,,,,,,,,,,,,,,,,,,,,,,,,,,,,,,,,,,,,,,,,,,,,,"12465 Lee RD, Ballico, CA 95303",37.46607,-120.65698
31,"Frank Gwerder Dairy, Inc.",1007 S Hart RD,Modesto,Stanislaus,95358,,,,,(209) 579-5723,02/01/1964,San Joaquin River Basin,"X012-X050-X005-XXXX, X012-X051-X011-XXXX",,,,,,,,,,,,,,,,,,,,,,,,,,,,,,,,,,,,,,,,,,,,,,,,,,,,,,,"1007 S Hart RD, Modesto, CA 95358",37.6286,-121.12695
32,Fred Melo Dairy,1319 S Quinley AVE,Merced,Merced,95340,,,,,(209) 388-9677,01/01/1945,San Joaquin River Basin,"X065-X020-X031-XXXX, X065-X070-X045-XXXX, X065-X070-X046-XXXX",,,,,,,,,,,,,,,,,,,,,,,,,,,,,,,,,,,,,,,,,,,,,,,,,,,,,,,"1319 S Quinley AVE, Merced, CA 95340",37.26881,-120.59747
36,Soares Dairy LP,9201 Hilmar RD,Turlock,Stanislaus,95380,,,,,(209) 613-5977,11/01/1992,San Joaquin River Basin,X057-X008-X010-XXXX,,,,,,,,,,,,,,,,,,,,,,,,,,,,,,,,,,,,,,,,,,,,,,,,,,,,,,,"9201 Hilmar RD, Turlock, CA 95380",37.42859,-120.95059
38,Diniz Dairy,9558 Columbus AVE,Hilmar,Merced,95324,,,,,(209) 595-2446,01/01/1950,San Joaquin River Basin,X045-X140-X023-XXXX,,,,,,,,,,,,,,,,,,,,,,,,,,,,,,,,,,,,,,,,,,,,,,,,,,,,,,,"9558 Columbus AVE, Hilmar, CA 95324",37.42714,-120.86721
39,Durrer Dairy,8861 Beckwith RD,Modesto,Stanislaus,95358,,,,,(209) 545-1731,03/01/1980,San Joaquin River Basin,0012-0020-0011-0000,,,,,,,,,,,,,,,,,,,,,,,,,,,,,,,,,,,,,,,,,,,,,,,,,,,,,,,"8861 Beckwith RD, Modesto, CA 95358",37.68599,-121.1492
41,Kooistra Dairy,5837 Hultberg RD,Turlock,Stanislaus,95380,,,,,(209) 632-2311,05/01/1980,San Joaquin River Basin,"X045-X013-X026-XXXX, X057-X017-X005-XXXX",,,,,,,,,,,,,,,,,,,,,,,,,,,,,,,,,,,,,,,,,,,,,,,,,,,,,,,"5837 Hultberg RD, Turlock, CA 95380",37.43814,-120.89741
42,Terra Dairy,8988 W Meadow DR,Winton,Merced,95388,,,,,(209) 769-5775,05/10/1945,San Joaquin River Basin,"0140-0030-0012-0000, 0140-0120-0019-0000, 0140-0150-0011-0000, 0140-0160-0026-0000",,,,,,,,,,,,,,,,,,,,,,,,,,,,,,,,,,,,,,,,,,,,,,,,,,,,,,,"8988 W Meadow DR, Winton, CA 95388",37.42983,-120.64846
45,WATTS FARMS (Formerly Desperado Dairy),11601 Simmerhorn Road,Galt,Sacramento,95632,,,,,(209) 748-5637,01/01/1964,San Joaquin River Basin,X152-X190-X059-XXXX,,,,,,,,,,,,,,,,,,,,,,,,,,,,,,,,,,,,,,,,,,,,,,,,,,,,,,,"11601 Simmerhorn Road, Galt, CA 95632",38.26387,-121.2494
49,Brazil/ Van Ryn Dairy Farm LLC,18338 E Mariposa RD,Stockton,San Joaquin,95215,P.O. Box 159,Ripon,CA,95366.0,(209) 886-1061,09/01/2004,San Joaquin River Basin,X205-X020-XX03-XXXX,,,,,,,,,,,,,,,,,,,,,,,,,,,,,,,,,,,,,,,,,,,,,,,,,,,,,,,"18338 E Mariposa RD, Stockton, CA 95215",37.87614,-121.08256
51,Pinheiro and Deniz Dairy,2630 County Road T,Glenn,Glenn,95943,,,,,(530) 934-4420,01/01/1946,Sacramento River Basin,"0019-0150-0012-0000, 0019-0150-0013-0000",,,,,,,,,,,,,,,,,,,,,,,,,,,,,,,,,,,,,,,,,,,,,,,,,,,,,,,"2630 County Road T, Glenn, CA 95943",39.59232,-122.08646
52,Godinho Dairy,12710 S Wilson RD,Los Banos,Merced,93635,,,,,(209) 826-2517,01/09/1990,San Joaquin River Basin,"X070-X180-X028-XXXX, X070-X180-X044-XXXX, X070-X180-X045-XXXX",,,,,,,,,,,,,,,,,,,,,,,,,,,,,,,,,,,,,,,,,,,,,,,,,,,,,,,"12710 S Wilson RD, Los Banos, CA 93635",37.10573,-120.87058
53,Luis Correia Dairy #2 (Previusly Matos Dairy Farms - Franklin Facility),1912 Franklin Rd,Merced,Merced,95340,,,,,(209) 201-1520,09/17/1984,San Joaquin River Basin,"X057-X039-X034-XXXX, X215-X080-X010-XXXX",,,,,,,,,,,,,,,,,,,,,,,,,,,,,,,,,,,,,,,,,,,,,,,,,,,,,,,"1912 Franklin Rd, Merced, CA 95340",37.3161,-120.54053
54,"Borba Cattle Company, LP",18254 N First AVE,Stevinson,Merced,95374,,,,,(209) 541-7001,05/01/2004,San Joaquin River Basin,X055-X130-X003-XXXX,,,,,,,,,,,,,,,,,,,,,,,,,,,,,,,,,,,,,,,,,,,,,,,,,,,,,,,"18254 N First AVE, Stevinson, CA 95374",37.34393,-120.83146
55,ORNELLAS DAIRY,20634 S LAMMERS RD,TRACY,San Joaquin,95304,,,,,(209) 835-5204,01/01/1940,San Joaquin River Basin,X212-X030-XX08-XXXX,,,,,,,,,,,,,,,,,,,,,,,,,,,,,,,,,,,,,,,,,,,,,,,,,,,,,,,"20634 S LAMMERS RD, TRACY, CA 95304",37.77115,-121.47513
58,MTSJ Dairy LP,6916 County Road 30,Orland,Glenn,95963,,,,,(530) 519-0965,07/10/1998,Sacramento River Basin,0024-0050-0010-0000,,,,,,,,,,,,,,,,,,,,,,,,,,,,,,,,,,,,,,,,,,,,,,,,,,,,,,,"6916 County Road 30, Orland, CA 95963",39.65647,-122.15014
60,Kruppa-Plett Facility,18851 E Clausen RD,Turlock,Merced,95380,P.O. Box 2717,Merced,CA,95344.0,(209) 383-6036,01/01/1935,San Joaquin River Basin,0041-0006-0001-0000,,,,,,,,,,,,,,,,,,,,,,,,,,,,,,,,,,,,0.0,,,,,,0.0,0.0,0.0,,,,,,,,,,,"18851 E Clausen RD, Turlock, CA 95380",37.45502,-120.82872
61,Vieira Livestock,3800 S Central AVE,Turlock,Stanislaus,95380,,,,,(209) 531-4156,08/15/1968,San Joaquin River Basin,X058-X028-X017-XXXX,,,,,,,,,,,,,,,,,,,,,,,,,,,,,,,,,,,,,,,,,,,,,,,,,,,,,,,"3800 S Central AVE, Turlock, CA 95380",37.45829,-120.95581
63,Gilbert Teixeira Dairy,5601 Mountain View RD,Turlock,Stanislaus,95382,,,,,(209) 634-4500,05/25/1981,San Joaquin River Basin,"0045-0052-0023-0000, 0045-0054-0011-0000",,,,,,,,,,,,,,,,,,,,,,,,,,,,,,,,,,,,,,,,,,,,,,,,,,,,,,,"5601 Mountain View RD, Turlock, CA 95382",37.54581,-120.88142
64,Hoekstra Dairy,10836 Hwy 120,Oakdale,Stanislaus,95361,,,,,(209) 847-5872,01/01/1940,San Joaquin River Basin,X010-X022-X007-XXXX,,,,,,,,,,,,,,,,,,,,,,,,,,,,,,,,,,,,,,,,,,,,,,,,,,,,,,,"10836 Hwy 120, Oakdale, CA 95361",37.77269,-120.79514
72,Antonio Azevedo Dairy #1,2025 W El Nido RD,El Nido,Merced,95317,,,,,(209) 723-3056,01/01/1950,San Joaquin River Basin,X074-X110-X022-XXXX,,,,,,,,,,,,,,,,,,,,,,,,,,,,,,,,,,,,,,,,,,,,,,,,,,,,,,,"2025 W El Nido RD, El Nido, CA 95317",37.12836,-120.54247
74,,,,,96002,,,,,,,,,,,,,,,,,,,,,,,,,,,,,,,,,,,,,,,,,,,,,,,,,,,,,,,,,,,True,,,,"nan, nan, CA 96002",40.49125,-122.28651
85,Van Exel Dairy #2,18948 N Thornton RD,Lodi,San Joaquin,95242,,,,,(209) 334-3290,01/01/1975,San Joaquin River Basin,"X011-X150-XX04-XXXX, X011-X150-XX17-XXXX",,,,,,,,,,,,,,,,,,,,,,,,,,,,,,,,,,,,,,,,,,,,,,,,,,,,,,,"18948 N Thornton RD, Lodi, CA 95242",38.15647,-121.39857
103,John Silveira Dairy,27890 W Brazo RD,Newman,Merced,95360,P.O. Box 400,Gustine,CA,95322.0,(209) 587-1796,01/01/1920,San Joaquin River Basin,X054-X060-X008-XXXX,,,,,,,,,,,,,,,,,,,,,,,,,,,,,,,,,,,,,,,,,,,,,,,,,,,,,,,"27890 W Brazo RD, Newman, CA 95360",37.30469,-120.99394
107,Meikle Dairy,1685 S Hart RD,Modesto,Stanislaus,95358,,,,,(209) 529-2206,07/01/1950,San Joaquin River Basin,X017-X002-X013-XXXX,,,,,,,,,,,,,,,,,,,,,,,,,,,,,,,,,,,,,,,,,,,,,,,,,,,,,,,"1685 S Hart RD, Modesto, CA 95358",37.61436,-121.12625
109,JDL Dairy,22495 W China Camp RD,Los Banos,Merced,93635,P.O. Box 2253,Los Banos,CA,93635.0,(209) 481-4424,01/01/1979,San Joaquin River Basin,X070-X160-X037-XXXX,,,,,,,,,,,,,,,,,,,,,,,,,,,,,,,,,,,,,,,,,,,,,,,,,,,,,,,"22495 W China Camp RD, Los Banos, CA 93635",37.11435,-120.89828
110,Hidden Valley Dairy,870 Kniebes RD,Gustine,Merced,95322,,,,,(209) 988-0875,01/01/1948,San Joaquin River Basin,"X054-X130-X020-XXXX, X054-X130-X027-XXXX",,,,,,,,,,,,,,,,,,,,,,,,,,,,,,,,,,,,,,,,,,,,,,,,,,,,,,,"870 Kniebes RD, Gustine, CA 95322",37.27686,-120.98538
111,"Soares Dairy Farms, Inc. (Pioneer Dairy)",21948 Pioneer RD,Los Banos,Merced,93635,,,,,(209) 826-3414,01/01/1952,San Joaquin River Basin,0083-0030-0063-0000,,,,,,,,,,,,,,,,,,,,,,,,,,,,,,,,,,,,,,,,,,,,,,,,,,,,,,,"21948 Pioneer RD, Los Banos, CA 93635",37.04243,-120.88864
114,Dan Perry,1008 N Verduga RD,Turlock,Stanislaus,95380,,,,,(209) 620-3622,01/01/1932,San Joaquin River Basin,X024-X038-X016-XXXX,,,,,,,,,,,,,,,,,,,,,,,,,,,,,,,,,,,,,,,,,,,,,,,,,,,,,,,"1008 N Verduga RD, Turlock, CA 95380",37.50241,-120.80759
117,Meirinho Holsteins Inc,4890 Healy RD,Merced,Merced,95341,P.O. Box 580010,Modesto,CA,95357.0,(209) 578-1403,01/01/1962,San Joaquin River Basin,X066-X200-X019-XXXX,,,,,,,,,,,,,,,,,,,,,,,,,,,,,,,,,,,,,,,,,,,,,,,,,,,,,,,"4890 Healy RD, Merced, CA 95341",37.21563,-120.43239
118,DD Silveira & Son Dairy #2,22484 W China Camp RD,Los Banos,Merced,93635,P.O. Box 2350,Los Banos,CA,93635.0,(209) 826-1817,01/01/1981,San Joaquin River Basin,X070-X170-X013-XXXX,,,,,,,,,,,,,,,,,,,,,,,,,,,,,,,,,,,,,,,,,,,,,,,,,,,,,,,"22484 W China Camp RD, Los Banos, CA 93635",37.11497,-120.89733
123,Gentle Breezes Dairy,4419 S Faith Home RD,Turlock,Stanislaus,95380,,,,,(209) 678-6851,01/01/1974,San Joaquin River Basin,"X058-X031-X003-XXXX, X058-X031-X021-XXXX",,,,,,,,,,,,,,,,,,,,,,,,,,,,,,,,,,,,,,,,,,,,,,,,,,,,,,,"4419 S Faith Home RD, Turlock, CA 95380",37.45134,-120.92409
124,Rock-Shar Dairy,3025 E Sandy Mush RD,Merced,Merced,95340,,,,,(559) 805-7201,01/01/1999,San Joaquin River Basin,"X075-X020-X002-XXXX, X075-X020-X003-XXXX",,,,,,,,,,,,,,,,,,,,,,,,,,,,,,,,,,,,,,,,,,,,,,,,,,,,,,,"3025 E Sandy Mush RD, Merced, CA 95340",37.1781,-120.43518
127,Double L & N Dairy,28471 W Hulen RD,Gustine,Merced,95322,,,,,(209) 564-1053,01/01/1979,San Joaquin River Basin,X070-X060-X025-XXXX,,,,,,,,,,,,,,,,,,,,,,,,,,,,,,,,,,,,,,,,,,,,,,,,,,,,,,,"28471 W Hulen RD, Gustine, CA 95322",37.15117,-121.00454
130,Azevedo Dairy #2,7618 Highway 59,El Nido,Merced,95317,,,,,(209) 723-0562,01/01/1982,San Joaquin River Basin,X075-X010-X003-XXXX,,,,,,,,,,,,,,,,,,,,,,,,,,,,,,,,,,,,,,,,,,,,,,,,,,,,,,,"7618 Highway 59, El Nido, CA 95317",37.17905,-120.49167
137,Rosa Dairy Farms,3105 N Trindade AVE,Atwater,Merced,95301,,,,,(209) 564-2242,01/01/1950,San Joaquin River Basin,"X005-X150-X002-XXXX, X005-X210-X002-XXXX",,,,,,,,,,,,,,,,,,,,,,,,,,,,,,,,,,,,,,,,,,,,,,,,,,,,,,,"3105 N Trindade AVE, Atwater, CA 95301",37.33252,-120.55318
140,Silva Dairy Farms,1499 N Edminster RD,Stevinson,Merced,95374,,,,,(209) 652-6582,01/01/1915,San Joaquin River Basin,X055-X210-X049-XXXX,,,,,,,,,,,,,,,,,,,,,,,,,,,,,,,,,,,,,,,,,,,,,,,,,,,,,,,"1499 N Edminster RD, Stevinson, CA 95374",37.3096,-120.89624
141,Alves Farms,2439 County Road V,Glenn,Glenn,95943,,,,,(530) 934-4182,06/01/1983,Sacramento River Basin,0019-0160-0030-0000,,,,,,,,,,,,,,,,,,,,,,,,,,,,,,,,,,,,,,,,,,,,,,,,,,,,,,,"2439 County Road V, Glenn, CA 95943",39.57365,-122.06752
144,Joe Meirinho and Son Dairy,3354 W Whitmore Ave,Modesto,Stanislaus,95358,,,,,(209) 538-8284,01/01/1980,San Joaquin River Basin,X017-X044-X016-XXXX,,,,,,,,,,,,,,,,,,,,,,,,,,,,,,,,,,,,,,,,,,,,,,,,,,,,,,,"3354 W Whitmore Ave, Modesto, CA 95358",37.59003,-121.06076
146,B-6 Dairy,22014 Turner AVE,Hilmar,Merced,95324,,,,,(209) 656-9942,01/01/1960,San Joaquin River Basin,X045-X200-X003-XXXX,,,,,,,,,,,,,,,,,,,,,,,,,,,,,,,,,,,,,,,,,,,,,,,,,,,,,,,"22014 Turner AVE, Hilmar, CA 95324",37.37214,-120.88756
148,Fanelli Dairy-Heifers,23839 W Bloss AVE,Hilmar,Merced,95324,,,,,(209) 678-2858,01/01/1960,San Joaquin River Basin,"X045-X190-X058-XXXX, X045-X190-X070-XXXX",,,,,,,,,,,,,,,,,,,,,,,,,,,,,,,,,,,,,,,,,,,,,,,,,,,,,,,"23839 W Bloss AVE, Hilmar, CA 95324",37.40441,-120.91876
155,ORNELLAS DAIRY 3,20246 S LAMMERS RD,TRACY,San Joaquin,95304,,,,,(209) 835-5204,01/01/1945,San Joaquin River Basin,X212-X030-XX25-XXXX,,,,,,,,,,,,,,,,,,,,,,,,,,,,,,,,,,,,,,,,,,,,,,,,,,,,,,,"20246 S LAMMERS RD, TRACY, CA 95304",37.77691,-121.47679
158,Natures Clover Dairy,4500 Langworth RD,Modesto,Stanislaus,95357,P.O. Box 578644,Modesto,CA,95357.0,(209) 529-7187,01/01/1947,San Joaquin River Basin,X014-X004-X004-XXXX,,,,,,,,,,,,,,,,,,,,,,,,,,,,,,,,,,,,,,,,,,,,,,,,,,,,,,,"4500 Langworth RD, Modesto, CA 95357",37.70328,-120.8896
160,De Jager Dairy North #1,11375 S Ivy AVE,Chowchilla,Merced,93610,,,,,(209) 769-5496,01/01/1983,San Joaquin River Basin,"X075-X080-X031-XXXX, X075-X080-X035-XXXX, X075-X080-X037-XXXX",,,,,,,,,,,,,,,,,,,,,,,,,,,,,,,,,,,,,,,,,,,,,,,,,,,,,,,"11375 S Ivy AVE, Chowchilla, CA 93610",37.12209,-120.40126
161,MB Lucky Lady,1218 W Keyes RD,Modesto,Stanislaus,95358,,,,,(209) 531-0202,01/01/1920,San Joaquin River Basin,X041-X044-X001-XXXX,,,,,,,,,,,,,,,,,,,,,,,,,,,,,,,,,,,,,,,,,,,,,,,,,,,,,,,"1218 W Keyes RD, Modesto, CA 95358",37.54769,-121.00967
166,Silva,12997 E Peltier RD,Acampo,San Joaquin,95220,,,,,(209) 321-1318,01/01/1900,San Joaquin River Basin,"X007-X280-XX11-XXXX, X007-X280-XX41-XXXX",,,,,,,,,,,,,,,,,,,,,,,,,,,,,,,,,,,,,,,,,,,,,,,,,,,,,,,"12997 E Peltier RD, Acampo, CA 95220",38.19253,-121.15872
167,Pete Postma Dairy #2,1439 Albers Rd,Modesto,Stanislaus,95357,P.O. Box 1059,Empire,CA,95319.0,(209) 968-0216,01/01/1965,San Joaquin River Basin,X014-X043-X008-XXXX,,,,,,,,,,,,,,,,,,,,,,,,,,,,,,,,,,,,,,,,,,,,,,,,,,,,,,,"1439 Albers Rd, Modesto, CA 95357",37.66451,-120.84815
168,,619 S. Vincent Road,Turlock,Stanislaus,95380,P.O. Box 828,Hilmar,CA,95324.0,(209) 681-8255,06/01/1955,San Joaquin River Basin,"0024-0009-0016-0000, 0024-0009-0027-0000",,,,,,,,,,,,,,,,,,,,,,,,,,,,,,,,,,,,,,,,,,,,,,,,,,,,,,,"619 S. Vincent Road, Turlock, CA 95380",37.48511,-120.77834
171,Martin Land,6100 Hinds RD,Oakdale,Stanislaus,95361,,,,,(208) 847-2473,01/01/1964,San Joaquin River Basin,"X002-X012-X042-XXXX, X187-X410-X005-XXXX",,,,,,,,,,,,,,,,,,,,,,,,,,,,,,,,,,,,,,,,,,,,,,,,,,,,,,,"6100 Hinds RD, Oakdale, CA 95361",37.82735,-120.88655
172,Art Silva Dairy #2,3701 Langworth RD,Modesto,Stanislaus,95357,P.O. Box 1046,Ripon,CA,95366.0,(209) 604-0018,01/01/1942,Sacramento River Basin,0014-0015-0002-0000,,,,,,,,,,,,,,,,,,,,,,,,,,,,,,,,,,,,,,,,,,,,,,,,,,,,,,,"3701 Langworth RD, Modesto, CA 95357",37.69241,-120.89412
174,,,,,93706,,,,,(559) 233-6129,,,,,,,,,,,,,,,,,,,,,,,,,,,,,,,,,,,,,,,,,,,,,,,,,,,,,,,,,,"nan, nan, CA 93706",36.71405,-119.81284
176,Oliveira Dairy,3991 Lander AVE,Stevinson,Merced,95374,,,,,(209) 632-9091,01/01/1940,San Joaquin River Basin,X055-X120-X050-XXXX,,,,,,,,,,,,,,,,,,,,,,,,,,,,,,,,,,,,,,,,,,,,,,,,,,,,,,,"3991 Lander AVE, Stevinson, CA 95374",37.34387,-120.85548
178,M and A Dairy,14651 S Carlucci RD,Dos Palos,Merced,93620,,,,,(209) 387-4313,01/01/1930,San Joaquin River Basin,"X085-X032-X007-XXXX, X085-X032-X013-XXXX",,,,,,,,,,,,,,,,,,,,,,,,,,,,,,,,,,,,,,,,,,,,,,,,,,,,,,,"14651 S Carlucci RD, Dos Palos, CA 93620",37.07216,-120.68354
188,Manuel DaSilva Dairy,15836 Steinegul RD,Escalon,San Joaquin,95320,,,,,(209) 652-8062,01/01/1950,San Joaquin River Basin,"X207-X32X-010X-XXXX, X229-X11X-021X-XXXX, X229-X12X-013X-XXXX, X229-X12X-016X-XXXX, X229-X12X-018X-XXXX, X229-X12X-020X-XXXX, X229-X12X-033X-XXXX",,,,,,,,,,,,,,,,,,,,,,,,,,,,,,,,,,,,,,,,,,,,,,,,,,,,,,,"15836 Steinegul RD, Escalon, CA 95320",37.81961,-120.95904
190,AJR Farms (Formerly Maria Silveira 2011 Trust Dairy),10511 Ingomar Grade RD,Gustine,Merced,95322,,,,,(209) 854-0968,02/01/1970,San Joaquin River Basin,X070-X080-X051-XXXX,,,,,,,,,,,,,,,,,,,,,,,,,,,,,,,,,,,,,,,,,,,,,,,,,,,,,,,"10511 Ingomar Grade RD, Gustine, CA 95322",37.13399,-120.95606
192,Fanelli Dairy,7689 Washington RD,Hillmar,Merced,95324,,,,,(209) 668-8097,01/01/1971,San Joaquin River Basin,X045-X190-X007-XXXX,,,,,,,,,,,,,,,,,,,,,,,,,,,,,,,,,,,,,,,,,,,,,,,,,,,,,,,"7689 Washington RD, Hillmar, CA 95324",37.4002,-120.90517
195,Cross View Dairy,12530 Warnerville RD,Oakdale,Stanislaus,95361,,,,,(209) 847-5872,01/01/1994,San Joaquin River Basin,X010-X019-X005-XXXX,,,,,,,,,,,,,,,,,,,,,,,,,,,,,,,,,,,,,,,,,,,,,,,,,,,,,,,"12530 Warnerville RD, Oakdale, CA 95361",37.73991,-120.76574
198,Lucas Dairy,11204 Fulkerth RD,Turlock,Stanislaus,95380,,,,,(209) 667-5749,01/01/1938,San Joaquin River Basin,X022-X037-X010-XXXX,,,,,,,,,,,,,,,,,,,,,,,,,,,,,,,,,,,,,,,,,,,,,,,,,,,,,,,"11204 Fulkerth RD, Turlock, CA 95380",37.50413,-120.97948
202,Antonio Brasil Dairy,15373 S Flanagan RD,Dos Palos,Merced,93620,,,,,(209) 838-7007,11/01/2007,San Joaquin River Basin,"X020-X110-X002-XXXX, X074-X170-X004-XXXX",,,,,,,,,,,,,,,,,,,,,,,,,,,,,,,,,,,,,,,,,,,,,,,,,,,,,,,"15373 S Flanagan RD, Dos Palos, CA 93620",37.06545,-120.52867
207,Art Silva Dairy #3,3130 Dewitt RD,Modesto,Stanislaus,95357,P.O. Box 885,Riverbank,CA,95367.0,(209) 604-0018,01/01/1949,San Joaquin River Basin,X014-X014-X011-XXXX,,,,,,,,,,,,,,,,,,,,,,,,,,,,,,,,,,,,,,,,,,,,,,,,,,,,,,,"3130 Dewitt RD, Modesto, CA 95357",37.68314,-120.90728
209,O/L Dairy,22678 W Pioneer RD,Los Banos,Merced,93635,,,,,(209) 826-0187,01/01/1930,San Joaquin River Basin,X008-X200-X025-XXXX,,,,,,,,,,,,,,,,,,,,,,,,,,,,,,,,,,,,,,,,,,,,,,,,,,,,,,,"22678 W Pioneer RD, Los Banos, CA 93635",37.04247,-120.90312
211,Machado Dairy,7413 S Mitchell RD,Turlock,Stanislaus,95380,,,,,(209) 652-6929,01/01/1970,San Joaquin River Basin,X057-X007-X005-XXXX,,,,,,,,,,,,,,,,,,,,,,,,,,,,,,,,,,,,,,,,,,,,,,,,,,,,,,,"7413 S Mitchell RD, Turlock, CA 95380",37.42495,-120.94389
212,M and A Dairy #3,13235 Baker RD,Los Banos,Merced,93635,,,,,(209) 826-6242,01/01/1981,San Joaquin River Basin,X073-X200-X004-XXXX,,,,,,,,,,,,,,,,,,,,,,,,,,,,,,,,,,,,,,,,,,,,,,,,,,,,,,,"13235 Baker RD, Los Banos, CA 93635",37.09482,-120.77301
213,JOHAL DAIRY,315 N PRAIRIE FLOWER ROAD,TURLOCK,Stanislaus,95380,,,,,(209) 634-7817,02/15/1992,San Joaquin River Basin,X022-X045-X032-XXXX,,,,,,,,,,,,,,,,,,,,,,,,,,,,,,,,,,,,,,,,,,,,,,,,,,,,,,,"315 N PRAIRIE FLOWER ROAD, TURLOCK, CA 95380",37.49543,-120.93112
225,Vaz Dairy,21876 Sunset RD,Los Banos,Merced,93635,,,,,(209) 826-0109,01/01/1920,San Joaquin River Basin,"X081-X150-X031-XXXX, X083-X180-X013-XXXX",,,,,,,,,,,,,,,,,,,,,,,,,,,,,,,,,,,,,,,,,,,,,,,,,,,,,,,"21876 Sunset RD, Los Banos, CA 93635",37.02809,-120.8887
226,Frank,2031 Washington RD,El Nido,Merced,95317,,,,,(209) 769-7911,01/01/1972,San Joaquin River Basin,X075-X070-X006-XXXX,,,,,,,,,,,,,,,,,,,,,,,,,,,,,,,,,,,,,,,,,,,,,,,,,,,,,,,"2031 Washington RD, El Nido, CA 95317",37.11303,-120.52923
229,Frank J Borges Dairy,8350 E Brady RD,Manteca,San Joaquin,95337,,,,,(209) 545-9303,01/01/1960,San Joaquin River Basin,"X257-X220-X004-XXXX, X257-X220-X005-XXXX",,,,,,,,,,,,,,,,,,,,,,,,,,,,,,,,,,,,,,,,,,,,,,,,,,,,,,,"8350 E Brady RD, Manteca, CA 95337",37.72664,-121.20434
230,Frank N. Rocha Dairy,23125 E Lone Tree RD,Escalon,San Joaquin,95320,,,,,(209) 838-1297,01/01/1950,San Joaquin River Basin,"X205-X230-XX02-XXXX, X207-X360-XX09-XXXX",,,,,,,,,,,,,,,,,,,,,,,,,,,,,,,,,,,,,,,,,,,,,,,,,,,,,,,"23125 E Lone Tree RD, Escalon, CA 95320",37.82955,-121.02526
231,ANTONE L. GOMES & SONS,515 E STUHR RD,NEWMAN,Stanislaus,95360,,,,,(209) 765-1273,05/10/1948,San Joaquin River Basin,"X049-X026-X002-XXXX, X049-X031-X001-XXXX, X049-X031-X006-XXXX",,,,,,,,,,,,,,,,,,,,,,,,,,,,,,,,,,,,,,,,,,,,,,,,,,,,,,,"515 E STUHR RD, NEWMAN, CA 95360",37.33317,-121.01915
232,Homen Dairy Farms,5511 W Sandy Mush RD,Merced,Merced,95341-8404,,,,,(209) 726-4728,05/26/2000,San Joaquin River Basin,X074-X080-X001-XXXX,,,,,,,,,,,,,,,,,,,,,,,,,,,,,,,,,,,,,,,,,,,,,,,,,,,,,,,"5511 W Sandy Mush RD, Merced, CA 95341-8404",37.1857,-120.59079
233,John Thomas Dairy,10408 W Bradbury RD,turlock,Stanislaus,95380,P.O. Box 1024,Hilmar,CA,95324.0,(209) 678-2670,01/01/1950,San Joaquin River Basin,0057-0003-0002-0000,,,,,,,,,,,,,,,,,,,,,,,,,,,,,,,,,,,,,,,,,,,,,,,,,,,,,,,"10408 W Bradbury RD, turlock, CA 95380",37.44716,-120.96951
234,Borba Dairy Farms,5297 Kelley RD,Hilmar,Merced,95324,,,,,(209) 634-4930,09/01/1994,San Joaquin River Basin,X045-X080-X003-XXXX,,,,,,,,,,,,,,,,,,,,,,,,,,,,,,,,,,,,,,,,,,,,,,,,,,,,,,,"5297 Kelley RD, Hilmar, CA 95324",37.36614,-120.95591
236,Vitorino & Sons Dairy,3918 S Kilroy RD,Turlock,Stanislaus,95380,,,,,(209) 535-6259,01/01/1950,San Joaquin River Basin,0044-0044-0011-0000,,,,,,,,,,,,,,,,,,,,,,,,,,,,,,,,,,,,,,,,,,,,,,,,,,,,,,,"3918 S Kilroy RD, Turlock, CA 95380",37.45635,-120.87404
238,Kaehler Dairy Farm,1025 E Armstrong RD,Lodi,San Joaquin,95242,,,,,(209) 333-0502,05/05/1953,San Joaquin River Basin,X058-X090-XX27-XXXX,,,,,,,,,,,,,,,,,,,,,,,,,,,,,,,,,,,,,,,,,,,,,,,,,,,,,,,"1025 E Armstrong RD, Lodi, CA 95242",38.08667,-121.30301
239,Blue Sky Dairy #2,3874 N Franklin RD,Merced,Merced,95348,,,,,(209) 000-0000,01/01/1950,San Joaquin River Basin,X057-X130-X001-XXXX,,,,,,,,,,,,,,,,,,,,,,,,,,,,,,,,,,,,,,,,,,,,,,,,,,,,,,,"3874 N Franklin RD, Merced, CA 95348",37.34435,-120.53597
240,Fiscalini Farms,4848 Jackson RD,Modesto,Stanislaus,95358,,,,,(209) 545-5495,01/01/1912,San Joaquin River Basin,"X012-X004-X018-XXXX, X012-X004-X019-XXXX, X012-X004-X020-XXXX",,,,,,,,,,,,,,,,,,,,,,,,,,,,,,,,,,,,,,,,,,,,,,,,,,,,,,,"4848 Jackson RD, Modesto, CA 95358",37.71036,-121.13244
241,,,,,96002,,,,,,,,,,,,,,,,,,,,,,,,,,,,,,,,,,,,,,,,,,,,,,,,,,,,,,,,,,,True,,,,"nan, nan, CA 96002",40.49125,-122.28651
242,M & M Cardoso & Sons Dairy LTD,16489 August AVE,Delhi,Merced,95315,,,,,(209) 648-4032,04/13/1977,San Joaquin River Basin,X046-X190-X010-XXXX,,,,,,,,,,,,,,,,,,,,,,,,,,,,,,,,,,,,,,,,,,,,,,,,,,,,,,,"16489 August AVE, Delhi, CA 95315",37.41907,-120.78602
246,Ahlem Farms Partnership,24093 W American AVE,Hilmar,Merced,95324,,,,,(209) 632-5822,01/01/1938,San Joaquin River Basin,"X045-X020-X028-XXXX, X045-X020-X029-XXXX, X045-X180-X006-XXXX",,,,,,,,,,,,,,,,,,,,,,,,,,,,,,,,,,,,,,,,,,,,,,,,,,,,,,,"24093 W American AVE, Hilmar, CA 95324",37.41148,-120.9281
247,Brasil & Sons Dairy # 2,21728 Lone Tree RD,Escalon,San Joaquin,95320,,,,,(209) 595-3903,01/01/1960,San Joaquin River Basin,"X205-X230-XX08-XXXX, X205-X240-XX19-XXXX",,,,,,,,,,,,,,,,,,,,,,,,,,,,,,,,,,,,,,,,,,,,,,,,,,,,,,,"21728 Lone Tree RD, Escalon, CA 95320",37.82402,-121.04533
249,Luis C Nunes & Sons Dairy #2,10268 S Highway 33,Gustine,Merced,95322,,,,,(209) 652-7647,01/01/1960,San Joaquin River Basin,"X070-X070-X023-XXXX, X070-X070-X037-XXXX",,,,,,,,,,,,,,,,,,,,,,,,,,,,,,,,,,,,,,,,,,,,,,,,,,,,,,,"10268 S Highway 33, Gustine, CA 95322",37.14071,-121.01379
250,Cross A Dairy,4125 Bentley RD,Oakdale,Stanislaus,95361,,,,,(209) 847-6050,01/01/1979,San Joaquin River Basin,X014-X008-X004-XXXX,,,,,,,,,,,,,,,,,,,,,,,,,,,,,,,,,,,,,,,,,,,,,,,,,,,,,,,"4125 Bentley RD, Oakdale, CA 95361",37.69828,-120.87041
251,M & A Dairy #2,13459 S Turner Island RD,Dos Palos,Merced,93620,,,,,(209) 769-8316,01/01/1950,San Joaquin River Basin,X073-X190-X014-XXXX,,,,,,,,,,,,,,,,,,,,,,,,,,,,,,,,,,,,,,,,,,,,,,,,,,,,,,,"13459 S Turner Island RD, Dos Palos, CA 93620",37.09148,-120.70821
254,Lima Ranch,13436 N Thornton RD,Lodi,San Joaquin,95242,,,,,(209) 334-5422,01/01/1932,San Joaquin River Basin,"X055-X130-XX01-XXXX, X055-X140-XX07-XXXX, X055-X140-XX09-XXXX",,,,,,,,,,,,,,,,,,,,,,,,,,,,,,,,,,,,,,,,,,,,,,,,,,,,,,,"13436 N Thornton RD, Lodi, CA 95242",38.10004,-121.3829
255,,10213 W MAIN ST,TURLOCK,Stanislaus,95380,,,,,(209) 667-6024,01/01/1942,San Joaquin River Basin,"X022-X041-X001-XXXX, X022-X041-X006-XXXX, X022-X041-X010-XXXX, X022-X041-X011-XXXX, X022-X041-X012-XXXX, X022-X041-X013-XXXX, X022-X043-X011-XXXX",,,,,,,,,,,,,,,,,,,,,,,,,,,,,,,,,,,,,,,,,,,,,,,,,,,,,,,"10213 W MAIN ST, TURLOCK, CA 95380",37.493,-120.96525
257,Peter DeVisser Dairy,21268 E Avena RD,Escalon,San Joaquin,95320,,,,,(209) 838-7383,01/01/1950,San Joaquin River Basin,X205-X230-XX01-XXXX,,,,,,,,,,,,,,,,,,,,,,,,,,,,,,,,,,,,,,,,,,,,,,,,,,,,,,,"21268 E Avena RD, Escalon, CA 95320",37.84193,-121.04627
258,John A Machado Dairy Farms,24916 South Manteca RD,Manteca,San Joaquin,95337,P.O. Box 809,Ripon,CA,95366.0,(209) 239-4144,01/01/1938,San Joaquin River Basin,"2571-1004-XXXX-XXXX, 2572-2001-XXXX-XXXX",,,,,,,,,,,,,,,,,,,,,,,,,,,,,,,,,,,,,,,,,,,,,,,,,,,,,,,"24916 South Manteca RD, Manteca, CA 95337",37.73035,-121.21068
264,Couchman Farms,3107 Illinois AVE,Modesto,Stanislaus,95358,,,,,(209) 527-4956,06/01/1964,San Joaquin River Basin,X017-X036-X017-XXXX,,,,,,,,,,,,,,,,,,,,,,,,,,,,,,,,,,,,,,,,,,,,,,,,,,,,,,,"3107 Illinois AVE, Modesto, CA 95358",37.59343,-121.06919
271,ORNELLAS,20749 S LAMMERS RD,TRACY,San Joaquin,95304,,,,,(209) 835-5204,01/01/1940,San Joaquin River Basin,"X209-X029-XX15-XXXX, X209-X029-XX16-XXXX",,,,,,,,,,,,,,,,,,,,,,,,,,,,,,,,,,,,,,,,,,,,,,,,,,,,,,,"20749 S LAMMERS RD, TRACY, CA 95304",37.77085,-121.4784
274,Brooks-Erman Ranch,25873 N Kennefick RD,Galt,San Joaquin,95632,,,,,,,,,,,,,,,,,,,,,,,,,,,,,,,,,,,,,,,,,,,,,,,,,,,,,,,,,,,,,,,"25873 N Kennefick RD, Galt, CA 95632",38.21942,-121.24946
275,E.R. Prins Dairy #2,9863 S Van Allen RD,Stockton,San Joaquin,95215,,,,,(209) 838-1627,01/01/1985,San Joaquin River Basin,X205-X160-XX06-XXXX,,,,,,,,,,,,,,,,,,,,,,,,,,,,,,,,,,,,,,,,,,,,,,,,,,,,,,,"9863 S Van Allen RD, Stockton, CA 95215",37.87944,-121.05902
276,Silvas Holsteins #2,23356 Short AVE,Hilmar,Merced,95324,,,,,(209) 595-1846,01/01/1910,San Joaquin River Basin,"X045-X130-X004-XXXX, X057-X016-X009-XXXX, X057-X220-X008-XXXX",,,,,,,,,,,,,,,,,,,,,,,,,,,,,,,,,,,,,,,,,,,,,,,,,,,,,,,"23356 Short AVE, Hilmar, CA 95324",37.42744,-120.91135
277,,,,,95616,,,,,(530) 752-1493,,,,,,,,,,,,,,,,,,,,,,,,,,,,,,,,,,,,,,,,,,,,,,,,,,,,,,,,,,"nan, nan, CA 95616",38.54673,-121.74454
278,Vista Verde Dairy,8923 Bliss RD,Chowchilla,Merced,93610,,,,,(209) 631-2084,12/01/1980,San Joaquin River Basin,"X075-X020-X025-XXXX, X075-X060-X011-XXXX",,,,,,,,,,,,,,,,,,,,,,,,,,,,,,,,,,,,,,,,,,,,,,,,,,,,,,,"8923 Bliss RD, Chowchilla, CA 93610",37.15759,-120.38449
282,Charles Ahlem Ranch,23546 W American AVE,Hilmar,Merced,95324,,,,,(209) 668-0867,10/01/1982,San Joaquin River Basin,"X045-X130-X057-XXXX, X045-X180-X037-XXXX",,,,,,,,,,,,,,,,,,,,,,,,,,,,,,,,,,,,,,,,,,,,,,,,,,,,,,,"23546 W American AVE, Hilmar, CA 95324",37.41376,-120.91356
283,Raymond and Sue Quaresma Dairy,26290 S Union RD,Manteca,San Joaquin,95337,,,,,(209) 825-7774,01/01/1958,San Joaquin River Basin,X257-X120-XX03-XXXX,,,,,,,,,,,,,,,,,,,,,,,,,,,,,,,,,,,,,,,,,,,,,,,,,,,,,,,"26290 S Union RD, Manteca, CA 95337",37.71566,-121.22458
284,"Hilmar Holsteins, Inc.",21859 Crane AVE,Hilmar,Merced,95324,,,,,(209) 634-7532,09/01/1959,San Joaquin River Basin,"X045-X230-X019-XXXX, X045-X230-X058-XXXX",,,,,,,,,,,,,,,,,,,,,,,,,,,,,,,,,,,,,,,,,,,,,,,,,,,,,,,"21859 Crane AVE, Hilmar, CA 95324",37.38244,-120.88388
285,Ehrlich Dairy/Azevedo Farms,5725 Ehrlich RD,Turlock,Stanislaus,95380,P.O. Box 2717,Merced,CA,95344.0,(209) 681-8255,01/01/1945,San Joaquin River Basin,"X057-X015-X004-XXXX, X057-X015-X021-XXXX, X057-X016-X010-XXXX, X057-X022-X004-XXXX, X057-X022-X013-XXXX",,,,,,,,,,,,,,,,,,,,,,,,,,,,,,,,,,,,,,,,,,,,,,,,,,,,,,,"5725 Ehrlich RD, Turlock, CA 95380",37.43561,-120.91559
286,Silvas Holsteins Dairy,6706 Elaine RD,Turlock,Stanislaus,95380,,,,,(209) 632-1223,01/01/1970,San Joaquin River Basin,"X057-X013-X019-XXXX, X057-X220-X010-XXXX, X057-X220-X012-XXXX",,,,,,,,,,,,,,,,,,,,,,,,,,,,,,,,,,,,,,,,,,,,,,,,,,,,,,,"6706 Elaine RD, Turlock, CA 95380",37.42841,-120.92445
287,Ken VanFoeken Dairy #2,9375 N Washington RD,Hilmar,Merced,95324,,,,,(209) 667-2393,01/01/1945,San Joaquin River Basin,"X045-X130-X011-XXXX, X045-X130-X040-XXXX, X045-X130-X053-XXXX, X045-X130-X058-XXXX",,,,,,,,,,,,,,,,,,,,,,,,,,,,,,,,,,,,,,,,,,,,,,,,,,,,,,,"9375 N Washington RD, Hilmar, CA 95324",37.42462,-120.90476
289,DeMatos Dairy,931 S Blaker RD,Turlock,Stanislaus,95380,,,,,(209) 579-4831,01/01/1967,San Joaquin River Basin,"X058-X009-X001-XXXX, X058-X009-X002-XXXX",,,,,,,,,,,,,,,,,,,,,,,,,,,,,,,,,,,,,,,,,,,,,,,,,,,,,,,"931 S Blaker RD, Turlock, CA 95380",37.48373,-120.9696
292,Garcia's Registered Jerseys,1018 Hickman RD,Turlock,Stanislaus,95380,P.O. Box 544,Denair,CA,95316.0,(209) 669-7838,08/15/2002,San Joaquin River Basin,X024-X008-X017-XXXX,,,,,,,,,,,,,,,,,,,,,,,,,,,,,,,,,,,,,,,,,,,,,,,,,,,,,,,"1018 Hickman RD, Turlock, CA 95380",37.50246,-120.75477
293,D & D Holsteins,26135 W Malta RD,Gustine,Merced,95322,,,,,(209) 826-1214,11/01/1986,San Joaquin River Basin,0070-0080-0062-0000,,,,,,,,,,,,,,,,,,,,,,,,,,,,,,,,,,,,,,,,,,,,,,,,,,,,,,,"26135 W Malta RD, Gustine, CA 95322",37.25297,-121.00348
294,Vieira Valley Dairy LLC,511 Applegate RD,Atwater,Merced,95301,P.O. Box 635,Atwater,CA,95301.0,(209) 261-8113,01/01/1980,San Joaquin River Basin,"X056-X200-X004-XXXX, X056-X200-X024-XXXX",,,,,,,,,,,,,,,,,,,,,,,,,,,,,,,,,,,,,,,,,,,,,,,,,,,,,,,"511 Applegate RD, Atwater, CA 95301",37.29318,-120.61517
297,Verburg & Son Dairy,1142 N Hart RD,Modesto,Stanislaus,95358,,,,,(209) 523-4253,01/01/1975,San Joaquin River Basin,"X120-X380-X080-XXXX, X120-X380-X090-XXXX, X120-X380-X130-XXXX, X120-X380-X140-XXXX, X120-X400-X030-XXXX, X120-X400-X090-XXXX, X120-X400-X100-XXXX, X120-X400-X110-XXXX",,,,,,,,,,,,,,,,,,,,,,,,,,,,,,,,,,,,,,,,,,,,,,,,,,,,,,,"1142 N Hart RD, Modesto, CA 95358",37.65103,-121.12218
298,Art Silva Dairy,5201 Milnes RD,Modesto,Stanislaus,95357,P.O. Box 885,Riverbank,CA,95367.0,(209) 604-0018,01/01/1945,San Joaquin River Basin,"X014-X015-X003-XXXX, X014-X016-X004-XXXX",,,,,,,,,,,,,,,,,,,,,,,,,,,,,,,,,,,,,,,,,,,,,,,,,,,,,,,"5201 Milnes RD, Modesto, CA 95357",37.68652,-120.89914
300,Tony Borba Dairy Inc.,23844 E. Dodds RD,Escalon,San Joaquin,95320,,,,,(209) 838-7018,11/01/1955,San Joaquin River Basin,X207-X170-XX02-XXXX,,,,,,,,,,,,,,,,,,,,,,,,,,,,,,,,,,,,,,,,,,,,,,,,,,,,,,,"23844 E. Dodds RD, Escalon, CA 95320",37.85295,-121.02144
301,,,,,10837,,,,,(916) 870-0419,,,"X132-X132-X027-XXXX,, X132-X132-X038-XXXX",,,25.0,0.0,0.0,0.0,0.0,0.0,0.0,,0.0,3.0,3.0,3.0,0.0,0.0,45.0,45.0,0.0,45.0,0.0,0.0,0.0,0.0,25.0,25.0,,,73.0,,,,,,,,,,,,,,,,,,,,,,,,,,"nan, nan, CA 10837",18.79317,100.7798
302,Jose V Silveira Dairy,10652 Newsom RD,Gustine,Merced,95322,,,,,(209) 854-1914,01/01/1920,San Joaquin River Basin,"X070-X070-X035-XXXX, X070-X070-X036-XXXX",,,,,,,,,,,,,,,,,,,,,,,,,,,,,,,,,,,,,,,,,,,,,,,,,,,,,,,"10652 Newsom RD, Gustine, CA 95322",37.13491,-121.00106
304,Double D Dairy #2,3636 E Monte Vista AVE,Ceres,Stanislaus,95307,,,,,(209) 637-4133,12/28/1976,San Joaquin River Basin,X022-X017-X006-XXXX,,,,,,,,,,,,,,,,,,,,,,,,,,,,,,,,,,,,,,,,,,,,,,,,,,,,,,,"3636 E Monte Vista AVE, Ceres, CA 95307",37.51804,-120.92865
305,Amaral Dairy,4715 County Road N,Orland,Glenn,95963,,,,,(530) 865-7558,10/13/1990,Sacramento River Basin,XX44-XX25-XX12-XXX9,,,,,,,,,,,,,,,,,,,,,,,,,,,,,,,,,,,,,,,,,,,,,,,,,,,,,,,"4715 County Road N, Orland, CA 95963",39.77426,-122.16204
306,Nelson Farms,5931 W Tuolumne RD,Ceres,Stanislaus,95307,,,,,(209) 632-6197,09/01/1995,San Joaquin River Basin,X023-X005-X004-X000,,,,,,,,,,,,,,,,,,,,,,,,,,,,,,,,,,,,,,,,,,,,,,,,,,,,,,,"5931 W Tuolumne RD, Ceres, CA 95307",37.51464,-120.91716
309,Belo Ranches,238 S Buhach RD,Merced,Merced,95342,,,,,(209) 777-3145,01/01/1940,San Joaquin River Basin,X215-X140-X005-XXXX,,,,,,,,,,,,,,,,,,,,,,,,,,,,,,,,,,,,,,,,,,,,,,,,,,,,,,,"238 S Buhach RD, Merced, CA 95342",37.28424,-120.57638
310,"Tony Oliveira, Jr. Dairy",27506 W Gun Club RD,Gustine,Merced,95322,,,,,(209) 854-3913,01/01/1901,San Joaquin River Basin,"0063-0160-0010-0000, 0063-0160-0012-0000, 0063-0160-0017-0000",,,,,,,,,,,,,,,,,,,,,,,,,,,,,,,,,,,,,,,,,,,,,,,,,,,,,,,"27506 W Gun Club RD, Gustine, CA 95322",37.2331,-120.98557
311,B & D Dairy,9579 Hultberg RD,Hilmar,Merced,95324,,,,,(209) 652-3534,01/01/1930,San Joaquin River Basin,X045-X130-X039-XXXX,,,,,,,,,,,,,,,,,,,,,,,,,,,,,,,,,,,,,,,,,,,,,,,,,,,,,,,"9579 Hultberg RD, Hilmar, CA 95324",37.42712,-120.89577
312,John Silveira Dairy #2,29687 Fentem RD,Gustine,Merced,95322,P.O. Box 400,Gustine,CA,95322.0,(209) 587-1796,01/01/1940,San Joaquin River Basin,"X063-X080-X022-XXXX, X063-X080-X023-XXXX",,,,,,,,,,,,,,,,,,,,,,,,,,,,,,,,,,,,,,,,,,,,,,,,,,,,,,,"29687 Fentem RD, Gustine, CA 95322",37.25704,-121.02493
313,Nyman Brothers Dairy,20445 August AVE,Hilmar,Merced,95324,P.O. Box 1331,Hilmar,CA,95324.0,(209) 495-8821,01/01/1907,San Joaquin River Basin,"0015-0001-0037-0000, 0045-0014-0018-0000",,,,,,,,,,,,,,,,,,,,,,,,,,,,,,,,,,,,,,,,,,,,,,,,,,,,,,,"20445 August AVE, Hilmar, CA 95324",37.41848,-120.85808
315,De Jager Dairy #2 North,11140 Ivy AVE,Chowchilla,Merced,93610,,,,,(209) 769-5496,01/01/1996,San Joaquin River Basin,"X075-X080-X032-XXXX, X075-X080-X037-XXXX",,,,,,,,,,,,,,,,,,,,,,,,,,,,,,,,,,,,,,,,,,,,,,,,,,,,,,,"11140 Ivy AVE, Chowchilla, CA 93610",37.12564,-120.39931
316,M5 Dairy,10090 Kost RD,Galt,Sacramento,95632,,,,,(209) 810-0066,03/01/1962,Sacramento River Basin,X148-X200-X013-XXXX,,,,,,,,,,,,,,,,,,,,,,,,,,,,,,,,,,,,,,,,,,,,,,,,,,,,,,,"10090 Kost RD, Galt, CA 95632",38.24003,-121.32143
317,Monster Dairy,1048 Lundy Rd,Newman,Stanislaus,95360,,,,,(209) 678-1792,01/01/1970,San Joaquin River Basin,X049-X032-X003-XXXX,,,,,,,,,,,,,,,,,,,,,,,,,,,,,,,,,,,,,,,,,,,,,,,,,,,,,,,"1048 Lundy Rd, Newman, CA 95360",37.3474,-121.0262
318,Nunes Dairy,1730 S Healy RD,Merced,Merced,95340,,,,,(209) 384-0948,01/01/1955,San Joaquin River Basin,X066-X270-X003-XXXX,,,,,,,,,,,,,,,,,,,,,,,,,,,,,,,,,,,,,,,,,,,,,,,,,,,,,,,"1730 S Healy RD, Merced, CA 95340",37.26241,-120.4333
331,"Bar Vee Dairy, Inc.",3031 N Washington RD,Turlock,Stanislaus,95380,,,,,(209) 632-4308,01/01/1973,San Joaquin River Basin,"0023-0056-0005-0000, 0023-0056-0006-0000",,,,,,,,,,,,,,,,,,,,,,,,,,,,,,,,,,,,,,,,,,,,,,,,,,,,,,,"3031 N Washington RD, Turlock, CA 95380",37.51583,-120.90785
332,D5 Farms,5831 S Tegner RD,Turlock,Stanislaus,95380,,,,,(209) 652-2896,01/01/1960,San Joaquin River Basin,X057-X018-X014-XXXX,,,,,,,,,,,,,,,,,,,,,,,,,,,,,,,,,,,,,,,,,,,,,,,,,,,,,,,"5831 S Tegner RD, Turlock, CA 95380",37.43768,-120.88625
333,Joe and Renee Barroso Dairy,6902 E Legrand RD,Merced,Merced,95341,,,,,(209) 722-6437,01/01/1960,San Joaquin River Basin,X067-X110-X015-XXXX,,,,,,,,,,,,,,,,,,,,,,,,,,,,,,,,,,,,,,,,,,,,,,,,,,,,,,,"6902 E Legrand RD, Merced, CA 95341",37.2299,-120.36321
337,"Meirinho West, Inc.",1685 Dunn Road,Modesto,Stanislaus,95358,,,,,(209) 578-1403,10/01/1989,San Joaquin River Basin,"X012-X043-X021-XXXX, X012-X043-X031-XXXX, X012-X058-X003-XXXX, X012-X058-X005-XXXX, X012-X058-X006-XXXX",,,,,,,,,,,,,,,,,,,,,,,,,,,,,,,,,,,,,,,,,,,,,,,,,,,,,,,"1685 Dunn Road, Modesto, CA 95358",37.6581,-121.14572
338,DAVID & SAM WALLACE,17994 S TERCEIRA RD,LOS BANOS,Merced,93635,,,,,(209) 826-8967,01/01/1950,San Joaquin River Basin,"0454-0120-0009-0000, 0454-0140-0006-0000",,,,,,,,,,,,,,,,,,,,,,,,,,,,,,,,,,,,,,,,,,,,,,,,,,,,,,,"17994 S TERCEIRA RD, LOS BANOS, CA 93635",37.0284,-120.80844
339,"Joe O. Rocha Dairy, Inc.",18451 W Bradbury RD,Turlock,Merced,95380,,,,,(209) 668-2780,01/01/1971,San Joaquin River Basin,"X045-X009-X005-XXXX, X045-X009-X007-XXXX, X045-X009-X009-XXXX",,,,,,,,,,,,,,,,,,,,,,,,,,,,,,,,,,,,,,,,,,,,,,,,,,,,,,,"18451 W Bradbury RD, Turlock, CA 95380",37.44315,-120.8195
342,D&M Ag,1933 Hall Road,Denair,Stanislaus,95316,P.O. Box 607,Denair,CA,95316.0,(209) 667-7783,03/01/1981,San Joaquin River Basin,"X024-X004-X022-XXXX, X024-X004-X025-XXXX",,,,,,,,,,,,,,,,,,,,,,,,,,,,,,,,,,,,,,,,,,,,,,,,,,,,,,,"1933 Hall Road, Denair, CA 95316",37.50881,-120.73985
343,JNM Dairy,7742 Paradise RD,Modesto,Stanislaus,95358,,,,,(209) 404-3909,11/15/2013,San Joaquin River Basin,X017-X027-X040-XXXX,,,,,,,,,,,,,,,,,,,,,,,,,,,,,,,,,,,,,,,,,,,,,,,,,,,,,,,"7742 Paradise RD, Modesto, CA 95358",37.60535,-121.13853
345,Goncalves Dairy,15782 Arroya AVE,Dos Palos,Merced,93620,,,,,(209) 617-6324,12/01/1986,San Joaquin River Basin,X085-X017-X064-XXXX,,,,,,,,,,,,,,,,,,,,,,,,,,,,,,,,,,,,,,,,,,,,,,,,,,,,,,,"15782 Arroya AVE, Dos Palos, CA 93620",37.05775,-120.67134
350,Manuel & Jeanette Borges Dairy,10408 S Van Allen RD,Stockton,San Joaquin,95215,,,,,(209) 466-1828,01/01/1920,San Joaquin River Basin,"X185-X110-XX05-XXXX, X205-X180-XX03-XXXX",,,,,,,,,,,,,,,,,,,,,,,,,,,,,,,,,,,,,,,,,,,,,,,,,,,,,,,"10408 S Van Allen RD, Stockton, CA 95215",37.87292,-121.05238
358,SB Farms,11450 Carroll RD,Elk Grove,Sacramento,95757,,,,,(209) 321-1318,07/01/1979,Sacramento River Basin,X132-X240-XX43-XXXX,,,,,,,,,,,,,,,,,,,,,,,,,,,,,,,,,,,,,,,,,,,,,,,,,,,,,,,"11450 Carroll RD, Elk Grove, CA 95757",38.33967,-121.40357
359,PH RANCH #3,11586 N Shaffer RD,Winton,Merced,95388,,,,,(209) 358-2328,09/27/1973,San Joaquin River Basin,0042-0260-0023-0000,,,,,,,,,,,,,,,,,,,,,,,,,,,,,,,,,,,,,,,,,,,,,,,,,,,,,,,"11586 N Shaffer RD, Winton, CA 95388",37.45608,-120.58772
360,"T & L Family Dairy, LLC",1131 Story Rd RD,Turlock,San Joaquin,95380,P.O. Box 760,Hilmar,CA,95324.0,(209) 202-1924,12/01/1970,San Joaquin River Basin,X024-X009-X006-XXXX,,,,,,,,,,,,,,,,,,,,,,,,,,,,,,,,,,,,,,,,,,,,,,,,,,,,,,,"1131 Story Rd RD, Turlock, CA 95380",37.48339,-120.79195
363,De Carvalho Bros. Dairy,8342 Maze BLVD,Modesto,Stanislaus,95358,,,,,(209) 548-9317,01/01/1972,San Joaquin River Basin,0012-0047-0003-0000,,,,,,,,,,,,,,,,,,,,,,,,,,,,,,,,,,,,,,,,,,,,,,,,,,,,,,,"8342 Maze BLVD, Modesto, CA 95358",37.63742,-121.14764
364,Frank Borges Heifer Ranch #2,28533 Two Rivers Rd.,Manteca,San Joaquin,95337,,,,,(209) 985-9933,08/01/1985,San Joaquin River Basin,X257-X050-X030-XXXX,,,,,,,,,,,,,,,,,,,,,,,,,,,,,,,,,,,,,,,,,,,,,,,,,,,,,,,"28533 Two Rivers Rd., Manteca, CA 95337",37.69532,-121.22865
367,Henry Jongsma and Son Dairy,,,,95963,,,,,(915) 202-9293,06/13/2007,Sacramento River Basin,"0023-0150-0014-0000, 0023-0160-0002-0000, 0023-0160-0005-0000",,,0.0,0.0,0.0,0.0,0.0,0.0,0.0,0.0,1275.0,425.0,1700.0,1700.0,0.0,72.0,290.0,290.0,675.0,225.0,900.0,900.0,520.0,175.0,700.0,700.0,Holstein,60.0,3590.0,,61635.69,748825.35,524177.75,124407.95,314396.69,867130.5,,,,,48366314.0,48366314.0,0.0,0.0,,,,,,,,,,,"nan, nan, CA 95963",39.7474,-122.19544
370,Machado Dairy Farms #3,11685 E Mariposa RD,Stockton,San Joaquin,95215,P.O. Box 4430,Manteca,CA,95337.0,(209) 602-3473,01/01/1970,San Joaquin River Basin,0181-0070-0001-0000,,,,,,,,,,,,,,,,,,,,,,,,,,,,,,,,,,,,,,,,,,,,,,,,,,,,,,,"11685 E Mariposa RD, Stockton, CA 95215",37.91107,-121.16029
375,Creekside Farms,6259 County Road 25,Orland,Glenn,95963,,,,,(530) 865-8368,01/01/1960,Sacramento River Basin,"0024-0150-0019-0009, 0024-0150-0030-0009",,,,,,,,,,,,,,,,,,,,,,,,,,,,,,,,,,,,,,,,,,,,,,,,,,,,,,,"6259 County Road 25, Orland, CA 95963",39.697,-122.22252
377,James J. Oliveira,730 W Monte Vista,Ceres,Stanislaus,95307,,,,,(209) 595-6910,01/01/1936,San Joaquin River Basin,0022-0023-0003-0000,,,,,,,,,,,,,,,,,,,,,,,,,,,,,,,,,,,,,,,,,,,,,,,,,,,,,,,"730 W Monte Vista, Ceres, CA 95307",37.52029,-121.00368
378,Toste Dairy,609 Santa Fe Grade,Newman,Merced,95360,,,,,(209) 862-1812,01/01/1965,San Joaquin River Basin,0054-0090-0001-0000,,,,,,,,,,,,,,,,,,,,,,,,,,,,,,,,,,,,,,,,,,,,,,,,,,,,,,,"609 Santa Fe Grade, Newman, CA 95360",37.29778,-120.98741
379,Robert Gioletti and Sons Dairy Inc. #2,10218 Fulkerth RD,Ceres,Stanislaus,95307,,,,,(209) 667-6024,01/01/1960,San Joaquin River Basin,"X022-X040-X006-XXXX, X022-X040-X007-XXXX",,,,,,,,,,,,,,,,,,,,,,,,,,,,,,,,,,,,,,,,,,,,,,,,,,,,,,,"10218 Fulkerth RD, Ceres, CA 95307",37.50618,-120.96599
383,Jelle Van Der Hoek,337 Gates RD,Modesto,Stanislaus,95358,,,,,(209) 523-9343,01/15/1945,San Joaquin River Basin,X012-X044-X012-XXXX,,,,,,,,,,,,,,,,,,,,,,,,,,,,,,,,,,,,,,,,,,,,,,,,,,,,,,,"337 Gates RD, Modesto, CA 95358",37.64299,-121.1637
385,D Barcellos Dairy,2892 N Gurr RD,Atwater,Merced,95301,,,,,(209) 000-0000,01/01/1950,San Joaquin River Basin,X005-X210-X007-XXXX,,,,,,,,,,,,,,,,,,,,,,,,,,,,,,,,,,,,,,,,,,,,,,,,,,,,,,,"2892 N Gurr RD, Atwater, CA 95301",37.33004,-120.55816
386,Alves and Son Dairy #2,13831 East Ave. AVE,Turlock,Merced,95380,,,,,(209) 585-8221,09/01/1985,San Joaquin River Basin,"X041-X090-X004-XXXX, X041-X110-X027-XXXX, X041-X110-X028-XXXX",,,,,,,,,,,,,,,,,,,,,,,,,,,,,,,,,,,,,,,,,,,,,,,,,,,,,,,"13831 East Ave. AVE, Turlock, CA 95380",37.49138,-120.73769
387,Van Tol Dairy No. 2,6756 County Road 30,Orland,Glenn,95963,,,,,(530) 934-0163,01/04/1991,Sacramento River Basin,0024-0050-0015-0009,,,,,,,,,,,,,,,,,,,,,,,,,,,,,,,,,,,,,,,,,,,,,,,,,,,,,,,"6756 County Road 30, Orland, CA 95963",39.65679,-122.16515
390,Cal-Denier Dairy LLC,10715 Arno RD,Galt,Sacramento,95632,,,,,(209) 745-4982,08/01/1981,San Joaquin River Basin,"X134-X280-X050-XXXX, X150-X072-X003-XXXX",,,,,,,,,,,,,,,,,,,,,,,,,,,,,,,,,,,,,,,,,,,,,,,,,,,,,,,"10715 Arno RD, Galt, CA 95632",38.33647,-121.29153
391,Azevedo Dairy #3,227 W El Nido RD,El Nido,Merced,95317,,,,,(209) 564-7596,01/01/1950,San Joaquin River Basin,X074-X110-X035-XXXX,,,,,,,,,,,,,,,,,,,,,,,,,,,,,,,,,,,,,,,,,,,,,,,,,,,,,,,"227 W El Nido RD, El Nido, CA 95317",37.13457,-120.49678
392,Anchor J Dairy,24507 W First ST,Stevinson,Merced,95374,,,,,(209) 634-4908,03/01/1993,San Joaquin River Basin,"X055-X010-X007-XXXX, X055-X030-X006-XXXX, X055-X030-X015-XXXX, X055-X030-X016-XXXX, X055-X030-X044-XXXX",,,,,,,,,,,,,,,,,,,,,,,,,,,,,,,,,,,,,,,,,,,,,,,,,,,,,,,"24507 W First ST, Stevinson, CA 95374",37.34188,-120.93317
400,Soares Dairy Farms - Laguna (Previously Melo Dairy),11675 W Laguna RD,Dos Palos,Merced,93620,,,,,(209) 752-9301,01/01/1964,San Joaquin River Basin,"0085-0200-0012-0000, 0086-0170-0002-0000",,,,,,,,,,,,,,,,,,,,,,,,,,,,,,,,,,,,,,,,,,,,,,,,,,,,,,,"11675 W Laguna RD, Dos Palos, CA 93620",37.04352,-120.70217
401,Joe & Teresa Soares Dairy #1,11076 Vincent RD,Turlock,Merced,95380,P.O. Box 189,Delhi,CA,95135.0,(209) 652-2990,01/01/1950,San Joaquin River Basin,X041-X162-X003-XXXX,,,,,,,,,,,,,,,,,,,,,,,,,,,,,,,,,,,,,,,,,,,,,,,,,,,,,,,"11076 Vincent RD, Turlock, CA 95380",37.45013,-120.77518
403,Cottonwood Dairy,10561 W 140 HWY,Atwater,Merced,95301,P.O. Box 775,Atwater,CA,95301.0,(209) 394-7984,06/01/1980,San Joaquin River Basin,"XX56-XX16-XX12-XXXX, XX56-XX16-XX13-XXXX, XX56-XX17-XX11-XXXX, XX56-XX18-XXX7-XXXX, XX56-XX19-XX11-XXXX",,,,,,,,,,,,,,,,,,,,,,,,,,,,,,,,,,,,,,,,,,,,,,,,,,,,,,,"10561 W 140 HWY, Atwater, CA 95301",37.30058,-120.6757
408,Sunwest Jersey Dairy,22270 W Bloss AVE,Hilmar,Merced,95324,,,,,(209) 667-4582,01/01/1950,San Joaquin River Basin,X045-X180-X017-XXXX,,,,,,,,,,,,,,,,,,,,,,,,,,,,,,,,,,,,,,,,,,,,,,,,,,,,,,,"22270 W Bloss AVE, Hilmar, CA 95324",37.40536,-120.89145
409,IVY STAR Dairy LLC,14903 Volta RD,Los Banos,Merced,93635,,,,,(209) 826-1065,12/12/1972,San Joaquin River Basin,0078-1400-0042-0000,,,,,,,,,,,,,,,,,,,,,,,,,,,,,,,,,,,,,,,,,,,,,,,,,,,,,,,"14903 Volta RD, Los Banos, CA 93635",37.07179,-120.92834
413,Machado Dairy Farms #1,28128 S Two Rivers RD,Manteca,San Joaquin,95337,P.O. Box 4430,Manteca,CA,95337.0,(209) 602-8598,01/01/1970,San Joaquin River Basin,0257-0170-0025-0000,,,,,,,,,,,,,,,,,,,,,,,,,,,,,,,,,,,,,,,,,,,,,,,,,,,,,,,"28128 S Two Rivers RD, Manteca, CA 95337",37.69788,-121.22192
414,MHF Dairy,501 S Story RD,Turlock,Stanislaus,95380,,,,,(209) 652-6929,06/01/1981,San Joaquin River Basin,X024-X009-X034-XXXX,,,,,,,,,,,,,,,,,,,,,,,,,,,,,,,,,,,,,,,,,,,,,,,,,,,,,,,"501 S Story RD, Turlock, CA 95380",37.48926,-120.792
417,Double D Dairy #4 (former Diamond B Dairy #3),8201 Mitchell RD,Ceres,Stanislaus,95307,,,,,(209) 542-0281,01/01/1974,San Joaquin River Basin,X022-X019-X004-XXXX,,,,,,,,,,,,,,,,,,,,,,,,,,,,,,,,,,,,,,,,,,,,,,,,,,,,,,,"8201 Mitchell RD, Ceres, CA 95307",37.51821,-120.94287
418,Wooden Shoe Dairy,5237 Langworth RD,Oakdale,Stanislaus,95361,,,,,(209) 535-1929,05/15/2007,Sacramento River Basin,X062-X029-X014-XXXX,,,,,,,,,,,,,,,,,,,,,,,,,,,,,,,,,,,,,,,,,,,,,,,,,,,,,,,"5237 Langworth RD, Oakdale, CA 95361",37.71604,-120.89425
420,Sited Oak Dairy,26972 N Dustin RD,Acampo,San Joaquin,95220,,,,,(209) 369-9379,01/01/1949,San Joaquin River Basin,X007-X030-XX18-XXXX,,,,,,,,,,,,,,,,,,,,,,,,,,,,,,,,,,,,,,,,,,,,,,,,,,,,,,,"26972 N Dustin RD, Acampo, CA 95220",38.23376,-121.22655
421,DaSilva Dairy Farms LLC #1,27398 E Dodds RD,Escalon,San Joaquin,95320,,,,,(209) 000-0000,04/01/1979,San Joaquin River Basin,X207-X210-X001-XXXX,,,,,,,,,,,,,,,,,,,,,,,,,,,,,,,,,,,,,,,,,,,,,,,,,,,,,,,"27398 E Dodds RD, Escalon, CA 95320",37.85369,-120.97585
424,Zuppan Dairy,4740 County Road QQ,Orland,Glenn,95963,,,,,(530) 966-8051,09/12/1975,Sacramento River Basin,"0044-0200-0004-0000, 0044-0200-0005-0000, 0044-0200-0014-0000, 0044-0340-0001-0000, 0044-0340-0002-0000, 0044-0340-0003-0000",,,,,,,,,,,,,,,,,,,,,,,,,,,,,,,,,,,,,,,,,,,,,,,,,,,,,,,"4740 County Road QQ, Orland, CA 95963",39.77383,-122.12256
432,"CMC Jerseys, LLC (Formerly Seward Farms)",23204 Bloss AVE,Hilmar,Merced,95324,,,,,(209) 668-0867,01/01/1945,San Joaquin River Basin,X045-X180-X047-XXXX,,,,,,,,,,,,,,,,,,,,,,,,,,,,,,,,,,,,,,,,,,,,,,,,,,,,,,,"23204 Bloss AVE, Hilmar, CA 95324",37.40494,-120.90852
439,Carvalho Dairy,11443 Crows Landing RD,Crows Landing,Stanislaus,95313,,,,,(209) 632-1406,06/01/1952,San Joaquin River Basin,"X058-X022-X023-XXXX, X058-X022-X027-XXXX",,,,,,,,,,,,,,,,,,,,,,,,,,,,,,,,,,,,,,,,,,,,,,,,,,,,,,,"11443 Crows Landing RD, Crows Landing, CA 95313",37.47309,-121.00163
443,Dias Family Dairy,21330 W Second AVE,Stevinson,Merced,95374,P.O. Box 486,HILMAR,CA,95324.0,(209) 667-6566,01/01/1905,San Joaquin River Basin,X055-X120-X008-XXXX,,,,,,,,,,,,,,,,,,,,,,,,,,,,,,,,,,,,,,,,,,,,,,,,,,,,,,,"21330 W Second AVE, Stevinson, CA 95374",37.33688,-120.87555
444,Gabriel Machado & Sons Dairy,12464 S Vincent RD,Turlock,Merced,95380,,,,,(209) 632-3068,01/01/1970,San Joaquin River Basin,X041-X130-X008-XXXX,,,,,,,,,,,,,,,,,,,,,,,,,,,,,,,,,,,,,,,,,,,,,,,,,,,,,,,"12464 S Vincent RD, Turlock, CA 95380",37.46994,-120.77581
448,Rivercrest Cattle Co.,8600 Dos Rios LN,Modesto,Stanislaus,95358,,,,,(209) 599-2565,01/01/1990,San Joaquin River Basin,X017-X066-X006-XXXX,,,,,,,,,,,,,,,,,,,,,,,,,,,,,,,,,,,,,,,,,,,,,,,,,,,,,,,"8600 Dos Rios LN, Modesto, CA 95358",37.57337,-121.15112
453,Moonshine Dairy,22922 Kilburn RD,Crows Landing,Stanislaus,95313,,,,,(209) 837-9414,09/15/2003,San Joaquin River Basin,"X049-X016-X001-XXXX, X049-X016-X002-XXXX, X049-X017-X001-XXXX, X049-X018-X001-XXXX, X049-X023-X012-XXXX, X049-X024-X004-XXXX",,,,,,,,,,,,,,,,,,,,,,,,,,,,,,,,,,,,,,,,,,,,,,,,,,,,,,,"22922 Kilburn RD, Crows Landing, CA 95313",37.39664,-121.01508
454,Soares Dairy Farms Inc. - Mercy Springs,21750 S Mercey Springs RD,Los Banos,Merced,93635,,,,,(209) 826-3626,04/01/1940,San Joaquin River Basin,X088-X103-X009-XXXX,,,,,,,,,,,,,,,,,,,,,,,,,,,,,,,,,,,,,,,,,,,,,,,,,,,,,,,"21750 S Mercey Springs RD, Los Banos, CA 93635",36.97226,-120.83239
455,Martins Dairy,3319 Gates RD,Modesto,Stanislaus,95358,,,,,(209) 604-2308,08/01/1991,San Joaquin River Basin,X012-X021-X016-XXXX,,,,,,,,,,,,,,,,,,,,,,,,,,,,,,,,,,,,,,,,,,,,,,,,,,,,,,,"3319 Gates RD, Modesto, CA 95358",37.68604,-121.15972
457,Antonio Azevedo Dairy # 4,1257 W Roosevelt RD,El Nido,Merced,95317,,,,,(209) 723-0562,12/17/1988,San Joaquin River Basin,X074-X110-X026-XXXX,,,,,,,,,,,,,,,,,,,,,,,,,,,,,,,,,,,,,,,,,,,,,,,,,,,,,,,"1257 W Roosevelt RD, El Nido, CA 95317",37.14192,-120.51489
458,Diamond 0 Dairy,2743 Baker RD,Modesto,Stanislaus,95358,,,,,(209) 522-3865,07/01/1970,San Joaquin River Basin,X017-X037-X006-XXXX,,,,,,,,,,,,,,,,,,,,,,,,,,,,,,,,,,,,,,,,,,,,,,,,,,,,,,,"2743 Baker RD, Modesto, CA 95358",37.59983,-121.09965
465,Wickstrom Jersey Farms,5638 Columbus AVE,Hilmar,Merced,95324,,,,,(209) 495-8797,01/01/1973,San Joaquin River Basin,X045-X350-X014-XXXX,,,,,,,,,,,,,,,,,,,,,,,,,,,,,,,,,,,,,,,,,,,,,,,,,,,,,,,"5638 Columbus AVE, Hilmar, CA 95324",37.36996,-120.86868
468,Triangle S Dairy LLC,5600 W Palm AVE,Winton,Merced,95388,,,,,(209) 358-9201,08/01/1969,San Joaquin River Basin,"0052-0040-0067-0000, 0052-0090-0002-0000, 0052-0090-0021-0000",,,,,,,,,,,,,,,,,,,,,,,,,,,,,,,,,,,,,,,,,,,,,,,,,,,,,,,"5600 W Palm AVE, Winton, CA 95388",37.42046,-120.58765
471,Correia Family Dairy,26380 W Fahey RD,Gustine,Merced,95322,,,,,(209) 652-0029,01/01/1984,Sacramento River Basin,X020-X270-X008-XXXX,,,,,,,,,,,,,,,,,,,,,,,,,,,,,,,,,,,,,,,,,,,,,,,,,,,,,,,"26380 W Fahey RD, Gustine, CA 95322",37.12249,-120.96773
475,Creekside Dairy,23234 Lone Tree RD,Escalon,San Joaquin,95320,,,,,(209) 838-1180,01/01/1957,San Joaquin River Basin,"X229-X050-XX02-XXXX, X229-X050-XX06-XXXX",,,,,,,,,,,,,,,,,,,,,,,,,,,,,,,,,,,,,,,,,,,,,,,,,,,,,,,"23234 Lone Tree RD, Escalon, CA 95320",37.82219,-121.02393
479,John & Nicole Santos Dairy #2,5245 S HWY 33,Gustine,Merced,95322,,,,,(209) 993-8662,01/01/1942,San Joaquin River Basin,X063-X240-X003-XXXX,,,,,,,,,,,,,,,,,,,,,,,,,,,,,,,,,,,,,,,,,,,,,,,,,,,,,,,"5245 S HWY 33, Gustine, CA 95322",37.21323,-121.01918
482,Tiberio Azevedo Dairy,21480 August AVE,Hilmar,Merced,95324,,,,,(209) 678-3074,01/01/1980,San Joaquin River Basin,X045-X140-X049-XXXX,,,,,,,,,,,,,,,,,,,,,,,,,,,,,,,,,,,,,,,,,,,,,,,,,,,,,,,"21480 August AVE, Hilmar, CA 95324",37.42186,-120.87709
483,Luis Correia Dairy,11132 Schultz RD,El Nido,Merced,95317,,,,,(209) 201-1520,01/01/1940,San Joaquin River Basin,X075-X073-X003-XXXX,,,,,,,,,,,,,,,,,,,,,,,,,,,,,,,,,,,,,,,,,,,,,,,,,,,,,,,"11132 Schultz RD, El Nido, CA 95317",37.12611,-120.44174
485,Wagner Dairy L.P.,22176 Skiff RD,Escalon,San Joaquin,95320,,,,,(209) 838-7547,01/01/1945,San Joaquin River Basin,"X187-X250-XX06-XXXX, X205-X200-XX02-XXXX, X207-X160-XX01-XXXX, X207-X160-XX02-XXXX",,,,,,,,,,,,,,,,,,,,,,,,,,,,,,,,,,,,,,,,,,,,,,,,,,,,,,,"22176 Skiff RD, Escalon, CA 95320",37.86756,-121.04059
490,Ahlem Farms Vista,6401 Taylor RD,Denair,Stanislaus,95316,,,,,(209) 632-5822,01/01/1999,San Joaquin River Basin,"X019-X038-X005-XXXX, X019-X038-X015-XXXX, X019-X039-X022-XXXX",,,,,,,,,,,,,,,,,,,,,,,,,,,,,,,,,,,,,,,,,,,,,,,,,,,,,,,"6401 Taylor RD, Denair, CA 95316",37.53911,-120.77626
492,Souza Brothers Dairy,3887 McCullagh RD,Stevinson,Merced,95374,,,,,(209) 632-3773,01/01/1940,San Joaquin River Basin,X055-X120-X045-XXXX,,,,,,,,,,,,,,,,,,,,,,,,,,,,,,,,,,,,,,,,,,,,,,,,,,,,,,,"3887 McCullagh RD, Stevinson, CA 95374",37.34459,-120.87869
498,Forebay Farms LLC - Road 6,5615 Ave 24,Chowchilla,Madera,93610,P.O. Box 2717,Merced,CA,95344.0,(209) 383-6075,01/01/1970,San Joaquin River Basin,"X020-X012-X002-XXXX, X020-X012-X003-XXXX",,,,,,,,,,,,,,,,,,,,,,,,,,,,,,,,,,,,,,,,,,,,,,,,,,,,,,,"5615 Ave 24, Chowchilla, CA 93610",37.10065,-120.44354
501,Moreda Valley Dairy,20967 Paradise RD,Tracy,San Joaquin,95304,,,,,(707) 782-0322,08/01/2004,San Joaquin River Basin,"X213-X080-X026-XXXX, X213-X080-X030-XXXX, X213-X080-X032-XXXX, X213-X080-X035-XXXX, X213-X080-X036-XXXX",,,,,,,,,,,,,,,,,,,,,,,,,,,,,,,,,,,,,,,,,,,,,,,,,,,,,,,"20967 Paradise RD, Tracy, CA 95304",37.76896,-121.38635
502,Double D Dairy,2207 Roberts RD,Ceres,Stanislaus,95307,,,,,(209) 537-4133,06/24/2005,San Joaquin River Basin,"X022-X013-X011-XXXX, X022-X013-X012-XXXX, X022-X014-X001-XXXX",,,,,,,,,,,,,,,,,,,,,,,,,,,,,,,,,,,,,,,,,,,,,,,,,,,,,,,"2207 Roberts RD, Ceres, CA 95307",37.52603,-120.956
503,Pires Dairy Farms,1622 Kniebes RD,Gustine,Merced,95322,,,,,(209) 652-3530,09/02/1992,San Joaquin River Basin,"X063-X002-X004-XXXX, X063-X004-X007-XXXX",,,,,,,,,,,,,,,,,,,,,,,,,,,,,,,,,,,,,,,,,,,,,,,,,,,,,,,"1622 Kniebes RD, Gustine, CA 95322",37.26557,-120.98161
504,Joe Soares Dairy #4,9207 American Ave,Hilmar,Stanislaus,95324,P.O. Box 189,Delhi,CA,95135.0,(209) 652-2990,01/01/1930,San Joaquin River Basin,"X045-X020-X004-XXXX, X057-X023-X009-XXXX, X057-X023-X017-XXXX",,,,,,,,,,,,,,,,,,,,,,,,,,,,,,,,,,,,,,,,,,,,,,,,,,,,,,,"9207 American Ave, Hilmar, CA 95324",37.41245,-120.95332
507,Koolhaas Dairy #2,24544 E Lone Tree RD,Escalon,San Joaquin,95320,,,,,(209) 595-3253,05/17/1978,San Joaquin River Basin,"X229-X06X-009X-XXXX, X229-X06X-012X-XXXX, X229-X06X-020X-XXXX",,,,,,,,,,,,,,,,,,,,,,,,,,,,,,,,,,,,,,,,,,,,,,,,,,,,,,,"24544 E Lone Tree RD, Escalon, CA 95320",37.82727,-121.00793
510,Luis C Nunes & Sons Dairy #1,29191 Husman RD,Gustine,Merced,95322,,,,,(209) 652-7647,01/01/1960,San Joaquin River Basin,"X070-X060-X004-XXXX, X070-X060-X005-XXXX",,,,,,,,,,,,,,,,,,,,,,,,,,,,,,,,,,,,,,,,,,,,,,,,,,,,,,,"29191 Husman RD, Gustine, CA 95322",37.15846,-121.0172
511,"Magneson Dairy, Inc.",10235 W El Capitan WAY,Ballico,Merced,95312,P.O. Box 250,Cressey,CA,95312.0,(209) 394-2848,07/01/1980,San Joaquin River Basin,X140-X800-X240-XXXX,,,,,,,,,,,,,,,,,,,,,,,,,,,,,,,,,,,,,,,,,,,,,,,,,,,,,,,"10235 W El Capitan WAY, Ballico, CA 95312",37.4328,-120.67184
513,E.R. Prins Dairy #1,10385 Van Allen RD,Stockton,San Joaquin,95215,,,,,(209) 838-1627,01/01/1985,San Joaquin River Basin,X205-X160-XX07-XXXX,,,,,,,,,,,,,,,,,,,,,,,,,,,,,,,,,,,,,,,,,,,,,,,,,,,,,,,"10385 Van Allen RD, Stockton, CA 95215",37.87401,-121.05826
514,"S&S Dairy, Inc.",348 E Monte Vista RD,Ceres,Stanislaus,95307,,,,,(209) 606-4894,01/01/1968,San Joaquin River Basin,X022-X026-X014-XXXX,,,,,,,,,,,,,,,,,,,,,,,,,,,,,,,,,,,,,,,,,,,,,,,,,,,,,,,"348 E Monte Vista RD, Ceres, CA 95307",37.519,-120.98901
519,U-Bar Dairy,11100 Liberty RD,Galt,San Joaquin,95632,,,,,(209) 367-4230,01/01/1960,San Joaquin River Basin,X007-X140-XX44-XXXX,,,,,,,,,,,,,,,,,,,,,,,,,,,,,,,,,,,,,,,,,,,,,,,,,,,,,,,"11100 Liberty RD, Galt, CA 95632",38.22974,-121.18182
522,Joe Alves & Son Dairy,13745 Newport RD,Turlock,Merced,95380,,,,,(123) 000-0000,01/01/1978,San Joaquin River Basin,X041-X110-X014-XXXX,,,,,,,,,,,,,,,,,,,,,,,,,,,,,,,,,,,,,,,,,,,,,,,,,,,,,,,"13745 Newport RD, Turlock, CA 95380",37.48826,-120.70368
523,Blue Sky Dairy,4390 N Fox RD,Merced,Merced,95340,,,,,(209) 652-7898,01/01/1961,San Joaquin River Basin,X005-X100-X013-XXXX,,,,,,,,,,,,,,,,,,,,,,,,,,,,,,,,,,,,,,,,,,,,,,,,,,,,,,,"4390 N Fox RD, Merced, CA 95340",37.3519,-120.54915
524,CMA #2,23970 W August AVE,Hilmar,Merced,95324,,,,,(209) 668-0867,01/01/1956,San Joaquin River Basin,X045-X005-X130-X057,,,,,,,,,,,,,,,,,,,,,,,,,,,,,,,,,,,,,,,,,,,,,,,,,,,,,,,"23970 W August AVE, Hilmar, CA 95324",37.41952,-120.92182
527,Manuel Oliveira Dairy,4235 Oak AVE,Merced,Merced,95340,,,,,(209) 388-0501,01/01/1970,San Joaquin River Basin,"X215-X140-X041-XXXX, X215-X140-X042-XXXX",,,,,,,,,,,,,,,,,,,,,,,,,,,,,,,,,,,,,,,,,,,,,,,,,,,,,,,"4235 Oak AVE, Merced, CA 95340",37.27893,-120.56456
528,Antero Borges Dairy,2226 Hull RD,Atwater,Merced,95301,,,,,(209) 358-0680,01/01/1940,San Joaquin River Basin,X056-X092-X001-XXXX,,,,,,,,,,,,,,,,,,,,,,,,,,,,,,,,,,,,,,,,,,,,,,,,,,,,,,,"2226 Hull RD, Atwater, CA 95301",37.31669,-120.62374
